<?xml version="1.0" encoding="UTF-8"?>
<project-private xmlns="http://www.netbeans.org/ns/project-private/1">
    <editor-bookmarks xmlns="http://www.netbeans.org/ns/editor-bookmarks/2" lastBookmarkId="0"/>
    <open-files xmlns="http://www.netbeans.org/ns/projectui-open-files/2">
        <group>
            <file>file:/D:/andre/Documents/Prog/AppMercado_BD/AppMercadoBD/src/view/App.java</file>
            <file>file:/D:/andre/Documents/Prog/AppMercado_BD/AppMercadoBD/src/persist/ConexaoBD.java</file>
            <file>file:/D:/andre/Documents/Prog/AppMercado_BD/AppMercadoBD/src/view/TelaCadastroCliente.java</file>
            <file>file:/D:/andre/Documents/Prog/AppMercado_BD/AppMercadoBD/src/persist/PessoaDAO.java</file>
            <file>file:/D:/andre/Documents/Prog/AppMercado_BD/AppMercadoBD/src/view/TelaLoja.java</file>
            <file>file:/D:/andre/Documents/Prog/AppMercado_BD/AppMercadoBD/src/view/TelaLogin.java</file>
            <file>file:/D:/andre/Documents/Prog/AppMercado_BD/AppMercadoBD/src/persist/CarrinhoDAO.java</file>
        </group>
    </open-files>
</project-private>
